{"file_name":"c86.pdf","name":"PHONE","email":"gauravmiitkgp@gmail.com","phone":"9197335042","cgpa":"8.26","skills":"Meta Query Processing, Sankalp, Financial  , Fire Alarm Systems and Stock Markets, the Ad Design, R, IIT Kharagpur, Modi Public School, US Government, Present  Indian Institute of Technology, Kharagpur, GAURAV MAHESHWARI, Java, Male, Compiler, M.SC PROJECT  Pedestrian Detection for Video Surveillance, Machine Learning, Video Surveillance  System, INTERNSHIPS, Statistics \n&Informatics  2006, Computational Stochastic Finance -Change, Opencv Computer Vision Library, RWTH Aachen University, Development of Publisher Subscriber System: Worked, Indian Institute of Technology, Hostel, Georgia Institute  of Technology, INDIAN INSTITUTE OF TECHNOLOGY, Iowa State University, HJB HALL, JAVA, Econometric, Cricket"}
{"file_name":"c72.pdf","email":"aaditya.raut@gmail.com","phone":"9932573286","cgpa":"8.23","skills":"Talent Management, DPS, Examination  University/School/Board, Royal Bank of Scotland, Mutual Funds Operations, CBSE, NCERT, Delhi Public School, the Aryabhatta Inter School Maths Trophy, NCR, the Elementary and Junior, R, Nort h Zone, TFI, IIT Kharagpur, Wealth Management, Lawn Tennis, mong 10, INR, Bloomberg  \nGreenHat Ventures Pvt. Ltd., Hockey and Football, Football, AISSCE, Conducted El-Matador, Assisted ADA Investments, Campus Relations, ADA Sustainabl e Investment Service s Pvt  Ltd, ABN AMRO, Campus Associates, Prowess, the CBSE Cluster Level, the Maths Olympiad, Maybank, INTERNSHIPS, Malayan Banking Berhad, Indian Institute of Technology, National Sports Organization, Stanford Graduate School of Business, National Mathematics Olympiad                          2000, Delh i Association of Maths Teachers                        2001, NTSE, Summer Institute of General Management, AADITYA  RAUT  \nEmail : - aaditya.raut@gmail.com, RK Hall, the Hedge Fund, Conceptualized, Awarded the National Talent Search Exam, the Inter Hall Football  Cham, GreenHat, Assisted, MAYBANK, Integrated M.Sc ."}
{"file_name":"c91.pdf","name":"Vikash Chandra Sharma  ","email":"vik.iitkgp@gmail.com","phone":"9732932675","cgpa":"7.74","skills":"DOB, School  \n• Won, NCC, Completion, Associat e Prof., COMPOSIT-2009, Army Public School, R, the Decoration Team of Illumination of R.P.Hall’07, IIT Kharagpur, AIEEE, C++, Congestive Heart Failure, the Director of Army Public School, RP Hall of Residence, IIT Kharagpur, the Entrepreneur Cell, Board/University %, Research •, Econometric Analysis, school’01 \n• Represented Army Public School for Inter-School, Class X Board Exams, Inter-H, Prim, the Decoratio n Team of the Techno-management, School of Medical Science and Technology  \n                                                             IIT Kharagpur                                                         , SAS, ECG, D-310, the IVY Professional School, HTML \nSimulation, the Dramatics Team, Research   \n• Successfully, Multi-Objective Optimization using Genetic Algorithm \n \n, XII, MATLAB, IIT \nKharagpur, Regression Analysis and Financial \nEngineering \n• Completed, Materials Engineering\n                                                                                IIT Kharagpur"}
{"file_name":"c41.pdf","skills":"\u0001\n\u0001\n+&, \u0016 \u0001 \u0010\u0017\u0018\u0019\u0001\u000F\u0001\u001A \u0001, \b\r\u000B\u0001, \b\u0001\b, \u0003\u0014\u0004\u0010\u0010\u0013\u0003\u0001A\u0005\u000F3\u0005\u00013, \u000E\b\u0007\u0015\u001C\u0001, &\u0001\u0001\u0001 \u0001\n, \u0005 \u0001\n\n\u000B\f\b\t\r\u000E, \u0001*+)\u0006\u000B\u0014\u0004)\u0001,\u0001-)\u0006, \b\u000F\u0014\u000B\u0001\r\u000B\u0003, \u0005\u0007\u0013\u0001\n\u0001\n\u0001, \u0013\u0007 \u0001, \u0001\u001C\u0001, \u0014)\u00012\u0014\u0004\u0010\u0010\u0013\u0001\u001A\u0010, \u0003, \u0001\u0013, \b\u000F\u0014\u000B\u0001\u000B9\b\u000E\u0001\u0010\u0011\u0001 \u0019\u0012\u0002\u0002\u0002\u0001(\u0001:+%4\u0012\u0012\u0001\u0015\u0001;\u0019\u0006\u0012\u0012\u0012\u0001$, \u0005\u0014\u0001\u001B, \u0003\u0004 \u0001 &\u001E)&5 \u0001\n\u0001, \u0003\u0001\b\u000F3\u0001E2\u0001\u001C\u0001 \u0001\u0016\u0001$\u0001\u0002\u0003\u0003\u000B\u000E<\u00138\u0001F\b\u000F\u0018\u0017\b\u0018\u000B, \u0003\u0004\u0005\u00017\u00108$\u0001\u0012\u0015\u0012\u0016\u0012\u0001, \u0003\u000B\u000F\r\u000B3\u00012\b\u0005\u000F\u00056\u00012\u0014\u0004\u0010\u0010\u0013\u00017\u000B, \b\u0001\b\u000F3\u0001\u0001\u0010\f\r\u0005\u0014\b\u0013\u0001\u0003, &&', \u0001\u0002\u0014\u0014, \u0001\u0001*!\u0014\u0002 \u0001=\u0001\u001B\u0004\b\u0003\u000B%'\u0001\u0003\u0014\u0004\u0010\u0013\b\t\u0003\u0004\u0005\f\u0001, \u0003\u0001\u0001'\u0001\b\n\u0001\u0014\u0007\u0006\u0007\f\u0001\b\n, •\u00012\u0010\u0011, \u0014B\u000F\u0005B\u0017\u000B\u0001, \u0018\b\u000F\u0005\u0003\b, \u0010\u0014\u0004\b\u0003"}
{"file_name":"c3.pdf","email":"ntgupta@gmail.com","phone":"9832754608","cgpa":"8.53","skills":"CNRS, Native Education College, NCERT, F ifth year, Vancouver BC, R, IIT Kharagpur, Central Board of Secondary Education, Academic Advisory Committee, ENTREPRENEURSHIP  \n \n \nCo-Founder and Team Leader, S U S H A N, EGIDE, Multi -Stranded Structure Prediction, SAP ERP ( Enterprise Portal, Java, J2 EE, Computer Science &  Engineering, ECTS  \n \nUniversity of BC, Central Board, INTERNSHIPS, NP, Indian Institute of Technology, GM India, Represented IIT Kharagpur, TB & GI, DFJ Cisco Global B -Plan Competition, NWDS, MITACS Inc., Economic Times, UI, Chakraborty, w, Computer Science, Adani Group"}
{"file_name":"c83.pdf","name":"RAJEEV NIKUMBH ","email":"rajeevnikumbh@gmail.com","cgpa":"7.64","skills":"Data Envelopment Analysis, Bhojpur  \nJawahar Navodaya, Nehru Hall of Residence, R, IIT Kharagpur, Standard XII, AchievementsStrategized & coordinated, Best Hall Council, Sports and Games GC, MHRD, DEA, the Hall Council, INTER-IIT Sports Meet, Bengaluru                                    , Ministry of Human Resource, inter-University, CFA, Technology \nGC, Indian Public Sector Banks, National Games, Hindi Dramatics, Indian Pharmaceutical, RAJEEV NIKUMBH, Institute of Technology, NASA, RMS, Principal Components \nAnalysis, Volley Ball Team, Nehru Hall of Residence (Present, Nehru Hall of Residence                     Ph, Social and Cultural General Championship, Sports & Games, Elevation Data, Inter-hall, MATLAB, GC, Initiatives"}
{"file_name":"c31.pdf","email":"mitra.sayak@gmail.com","phone":"9836007850","skills":"\u000FCPU Design, Computation \u000FUbiquitous Computing\n\u000FInformation Retrieval \u000FEngineering Drawing and Computer Graphics, \u000FDiscrete Structures, Alarm System, TCP / IP, LATEX, R, SMS Technology, Scilab, IIT Kharagpur, Table Tennis and Cricket, B-Tech.in the Department of Computer Science and Engineering, C++, Assembly, Rangoli, Berkeley Sockets, LRU, Xilinx, RP Hall of Residence, MRU, Java, B-Tech, Compiler, \u000FElectrical Technology* \u000FSwitching Circuits and Logic Design*\n\u000FIntroduction to Electronics* \u000FProbability, Projects\nUndertaken Cryptography, Machine Learning, Dobbertin, Chabaud, TDMA, FPGA, Mandriva, Intelligence, \u000FProject, the Aquatics Society, Matlab, UDP, Indian Institute of Technology, Bison, Flex, the National Service Scheme (NSS, Statistics\n\u000FDigital Electronic Circuits \u000FComputer Organization and Architecture, Pagemaker, Vista, Computer Indian Institute, Financial Management, Corel Draw, Inter Hall, Operating Systems, JavaScript, SQL, GPRS, InternshipWorked for Micro Systems Foundation, Vehicle Tracking System, XII CBSE B. D. Memorial, GSM, ADL (Application Development Layer, Illumination and Chem Innovation, the Wavecom Module, Python, Time Division\nMultiple Access"}
{"file_name":"c18.pdf","email":"anjaneyulusana2222@gmail.com","phone":"9734437820","skills":"MIPS, Netbeans, Air Sqn, R, IIT Kharagpur, C++, National Cadet Corps, Xilinx -ISE, HTML, Mydukur, Java, UML Design, Computer Science and Engineering, Indian Institute of Technology -Kharagpur, X Examination Board: Board of Secondary Education, INDIAN INSTITUTE OF TECHNOLOGY, Inter Hall Team of RK Hall of Residence (IIT Kharagpur, Operating Systems, Andhra Pradesh, Microsoft, ACHEIVEMENTS, RK Hall of Residence, SSC-March 2004, Scor, Intermediate Public Examination, Narayana Junior College, Computer Science, XII Examination Board: Board of Intermediate Ed, State of Andhra Pradesh"}
{"file_name":"c95.pdf","name":"PHONE","email":"sitesharyan@gmail.com","phone":"9647293890","cgpa":"7.26","skills":"Institute, R, IIT Kharagpur, sara High School, Fuzzy, AI Group of IIT Kharagpur, Certificate, GERMANY, SLAM, Head of Department, Calcutta University, C-DAC, CIT, Ecole Nationale Supérieure, Java, KRAIG, Information Technology, the Expectation Maximization, K.S.T, Indian Institute of Technology, Heidelberg  University, Télécommunications, Karlsruhe University, SPSS, Mathematics IIT Kharagpur, INDIAN INSTITUTE OF TECHNOLOGY, Govt, Ec, Universitat Karlsruhe, Robotics, Patel HALL, C-DAC                        \nCertified, Statistics \n&Informatics \n, XII, Chakraborty, Nalanda, Bihar Board, Ministry of Communications, Foxit Software, SITESH INDRA \nMale"}
{"file_name":"c88.pdf","name":"Impacts  \nAchievement\n \n \n Recognitions  \nImpacts  \nAchievements  Achievements  SUGAM AGRAWAL  \nINDIAN INSTITUTE OF TECHNOLOGY","email":"sugam.iitkgp@gmail.com","phone":"9932572709","cgpa":"7.68","skills":"Statistics & Informatics, Institute, Azad Hall Basketball, Qualified  \nIntegrated, Outgoing Exchange, AIESEC IIT Kharagpur                                                       (Aug ’08, AIESEC, R, NCDEX, IIT Kharagpur, FRM Exam Part I,, AISSCE, the Competition Commission of India, the Sasken Communication Technologies, Intellectual Property, Applied the Discounted Cash Flow, Department of Mathematics, University of Rennes1, IIT Kharagpur                                  (Apr ’09, Institute / School  CGPA/ \n Financial Risk, Energy Audit of IIT Kharagpur, Eureka Stock & Share Broking Services Ltd., Open IIT Dramatics 2007, AISSE, CO-FOUNDER & PRESIDENT, CC, Kharagpur Robotics and Artificial Intelligence Group, Represented IIT Kharagpur, GARP, Research Division, FRM, INDIAN INSTITUTE OF TECHNOLOGY, Impacts  \nAchievement\n \n \n Recognitions  \nImpacts  \nAchievements  Achievements  , Local Chapter, C.B.S.E., Dean Student Affairs’, Army School, KVPY"}
{"file_name":"c65.pdf","name":"Mahidhar Reddy K  ","email":"mahi.iit@gmail.com","phone":"9733742664","skills":"Electrical \nCommunication \nEngineering Indian Institute of  Technology Kharagpur, Olympiad, AIEEE, the HOMIBABA PH YSICS OLYMPIAD, XII Vijaya, Programming and Data, Xilinx, Air Squadron NCC, INTERNSHIPS \n• Study of Adaptive Filters, • Analyzed, MTI, DRDO, R, Nagarjuna High School, Digital, C++, Ratna Jr."}
{"file_name":"c17.pdf","name":"PHONE","email":"saurabhgoyal07@gmail.com","phone":"9932584352","cgpa":"8.21","skills":"R, IIT Kharagpur, National Science Olympiad, Modi Public School, C++, Present  Indian Institute of Technology, Lakshmipat Singhania School, INRIA, National Level, Machine Learning, Pedestrian Detection for Video Surveillance, Opencv Computer Vision Library, Hostel’ s Advertisement Design, Computer Science & Engineering  , the French Embassy, H-213, IIT Joint Entrance Examination, Lawn Tennis Team, HJB HALL, Python, Matlab"}
